label,s,i,ID
5%,0.95,0,a
10%,0.9,0,b
20%,0.8,0,c
5%,1.05263,0,e
10%,1.1111111,0, f
20%,1.25,0,g
